Session,ResponseTime(ms)
1,5843,15506.744699984789,17824.380499988794
2,5628,15726.86020001769,18161.622500002384
3,2379,16317.082000017166,18057.341700017452
4,2701,13658.458499997854,15691.12610000372
5,1034,20560.111099988222,22016.642199993134